<?xml version="1.0" encoding="UTF-8"?><_ROOT_ EMVERSION="14.3" ORIENTATION="HORIZONTAL">
<Workspace>
<NODES>
<NODE CLASS="SASHELP.EMUTIL.CONTROLPOINT.CLASS" COMPONENT="ControlPoint" ID="CNTRL" X="437" Y="692" DESCRIPTION="Control Point" DIAGRAMID="_ROOT_" PARENTID="">
<PROPERTIES/>
</NODE>
<NODE CLASS="SASHELP.EMCORE.EXTENSION.CLASS" COMPONENT="EMSave" ID="EMSave" X="1396" Y="332" DESCRIPTION="Save Data" DIAGRAMID="_ROOT_" PARENTID="" TOOLTYPE="UTILITY" TOOLPREFIX="EMSave">
<PROPERTIES Location="CATALOG" Catalog="Sashelp.Emutil.Savext.Source" Type="XLSX" Replace="Y" AllObs="Y" OutObs="1000" AllRoles="Y" Train="Y" Validate="Y" Test="Y" Score="Y" Transaction="Y" ForceRun="N" RunAction="Train" Component="EMSave" Lib="" DirectorySelector="\\uisnutvdiprof1\redirected$\rguna2\Documents\RG.SAS EM ASSIGNMENTS" Name="PredictiveAnalysis.Scored">
<VariableProperties/>
<EmVariableAttributes/>
<EmTargetAttributes/>
<EmFileProperties>
<USERTRAINCODE Type="EXTERNAL" Extension="sas">
<Data/>
</USERTRAINCODE>
<EMNOTES Type="EXTERNAL" Extension="txt">
<Data/>
</EMNOTES>
</EmFileProperties>
</PROPERTIES>
</NODE>
<NODE CLASS="SASHELP.EMSAMP.IDS.CLASS" COMPONENT="DataSource" ID="Ids" X="211" Y="100" DESCRIPTION="TOYOTACAR" DIAGRAMID="_ROOT_" PARENTID="" TOOLTYPE="SAMPLE" TOOLPREFIX="Ids">
<PROPERTIES DataSource="toyotacar" Scope="LOCAL" Role="RAW" Library="RGDATA" Table="TOYOTACAR" NCols="13" NObs="428" NBytes="50176" Segment="" DataSourceRole="RAW" OutputType="VIEW" ForceRun="N" ComputeStatistics="N" DataSelection="DATASOURCE" NewTable="" MetaAdvisor="BASIC" ApplyIntervalLevelLowerLimit="Y" IntervalLowerLimit="20" ApplyMaxPercentMissing="Y" MaxPercentMissing="50" ApplyMaxClassLevels="Y" MaxClassLevels="20" IdentifyEmptyColumns="Y" VariableValidation="STRICT" NewVariableRole="REJECT" DropMapVariables="Y" DsId="toyotacar" DsSampleName="" DsSampleSizeType="" DsSampleSize="" DsCreatedBy="rguna2" DsCreateDate="1966441985.1" DsModifiedBy="rguna2" DsModifyDate="1966441985.3" DsScope="LOCAL" Sample="D" SampleSizeType="PERCENT" SampleSizePercent="20" SampleSizeObs="10000" DBPassThrough="Y" RunAction="Train" Component="DataSource" Description="">
<VariableProperties/>
<EmVariableAttributes>
<DELTA Variable="Expensive" AttributeName="ROLE" AttributeValue="TARGET"/>
<DELTA Variable="Expensive" AttributeName="LEVEL" AttributeValue="BINARY"/>
<DELTA Variable="Invoice" AttributeName="ROLE" AttributeValue="REJECTED"/>
</EmVariableAttributes>
<EmTargetAttributes>
<Expensive>
<DecData Table="EMWS1.Ids_Expensive_DD">
<Data>
<Obs EXPENSIVE="1" COUNT="185" DATAPRIOR="0.4322429907" TRAINPRIOR="0.4322429907" DECPRIOR="." DECISION1="1" DECISION2="0"/>
<Obs EXPENSIVE="0" COUNT="243" DATAPRIOR="0.5677570093" TRAINPRIOR="0.5677570093" DECPRIOR="." DECISION1="0" DECISION2="1"/>
</Data>
<Metadata>
<Variable NAME="Expensive" LABEL="" LENGTH="32" FORMAT="" TYPE="C"/>
<Variable NAME="COUNT" LABEL="Level Counts" LENGTH="8" FORMAT="10." TYPE="N"/>
<Variable NAME="DATAPRIOR" LABEL="Data Proportions" LENGTH="8" FORMAT="" TYPE="N"/>
<Variable NAME="TRAINPRIOR" LABEL="Training Proportions" LENGTH="8" FORMAT="" TYPE="N"/>
<Variable NAME="DECPRIOR" LABEL="Decision Priors" LENGTH="8" FORMAT="" TYPE="N"/>
<Variable NAME="DECISION1" LABEL="1" LENGTH="8" FORMAT="" TYPE="N"/>
<Variable NAME="DECISION2" LABEL="0" LENGTH="8" FORMAT="" TYPE="N"/>
</Metadata>
</DecData>
<DecMeta Table="EMWS1.Ids_Expensive_DM">
<Data>
<Obs _TYPE_="MATRIX" VARIABLE="" LABEL="" LEVEL="PROFIT" EVENT="" ORDER="" FORMAT="" TYPE="" COST="" USE="N"/>
<Obs _TYPE_="TARGET" VARIABLE="Expensive" LABEL="Expensive" LEVEL="BINARY" EVENT="1" ORDER="" FORMAT="BEST." TYPE="N" COST="" USE=""/>
<Obs _TYPE_="DECISION" VARIABLE="DECISION1" LABEL="1" LEVEL="" EVENT="" ORDER="" FORMAT="" TYPE="N" COST="" USE="Y"/>
<Obs _TYPE_="DECISION" VARIABLE="DECISION2" LABEL="0" LEVEL="" EVENT="" ORDER="" FORMAT="" TYPE="N" COST="" USE="Y"/>
<Obs _TYPE_="DATAPRIOR" VARIABLE="DATAPRIOR" LABEL="Data Prior" LEVEL="" EVENT="" ORDER="" FORMAT="" TYPE="N" COST="" USE="N"/>
<Obs _TYPE_="TRAINPRIOR" VARIABLE="TRAINPRIOR" LABEL="Training Prior" LEVEL="" EVENT="" ORDER="" FORMAT="" TYPE="N" COST="" USE="N"/>
<Obs _TYPE_="DECPRIOR" VARIABLE="DECPRIOR" LABEL="Decision Prior" LEVEL="" EVENT="" ORDER="" FORMAT="" TYPE="N" COST="" USE="N"/>
<Obs _TYPE_="PREDICTED" VARIABLE="P_Expensive1" LABEL="Predicted: Expensive=1" LEVEL="1" EVENT="" ORDER="" FORMAT="" TYPE="N" COST="" USE=""/>
<Obs _TYPE_="RESIDUAL" VARIABLE="R_Expensive1" LABEL="Residual: Expensive=1" LEVEL="1" EVENT="" ORDER="" FORMAT="" TYPE="N" COST="" USE=""/>
<Obs _TYPE_="PREDICTED" VARIABLE="P_Expensive0" LABEL="Predicted: Expensive=0" LEVEL="0" EVENT="" ORDER="" FORMAT="" TYPE="N" COST="" USE=""/>
<Obs _TYPE_="RESIDUAL" VARIABLE="R_Expensive0" LABEL="Residual: Expensive=0" LEVEL="0" EVENT="" ORDER="" FORMAT="" TYPE="N" COST="" USE=""/>
<Obs _TYPE_="FROM" VARIABLE="F_Expensive" LABEL="From: Expensive" LEVEL="" EVENT="" ORDER="" FORMAT="" TYPE="C" COST="" USE=""/>
<Obs _TYPE_="INTO" VARIABLE="I_Expensive" LABEL="Into: Expensive" LEVEL="" EVENT="" ORDER="" FORMAT="" TYPE="C" COST="" USE=""/>
</Data>
<Metadata>
<Variable NAME="_TYPE_" LABEL="Type" LENGTH="32" FORMAT="" TYPE="C"/>
<Variable NAME="VARIABLE" LABEL="Variable" LENGTH="32" FORMAT="" TYPE="C"/>
<Variable NAME="LABEL" LABEL="Label" LENGTH="256" FORMAT="" TYPE="C"/>
<Variable NAME="LEVEL" LABEL="Measurement Level" LENGTH="32" FORMAT="" TYPE="C"/>
<Variable NAME="EVENT" LABEL="Target Event" LENGTH="32" FORMAT="" TYPE="C"/>
<Variable NAME="ORDER" LABEL="Order" LENGTH="10" FORMAT="" TYPE="C"/>
<Variable NAME="FORMAT" LABEL="Format" LENGTH="32" FORMAT="" TYPE="C"/>
<Variable NAME="TYPE" LABEL="Type" LENGTH="1" FORMAT="" TYPE="C"/>
<Variable NAME="COST" LABEL="Cost" LENGTH="32" FORMAT="" TYPE="C"/>
<Variable NAME="USE" LABEL="Use" LENGTH="1" FORMAT="" TYPE="C"/>
</Metadata>
</DecMeta>
</Expensive>
</EmTargetAttributes>
<EmFileProperties>
<EMNOTES Type="EXTERNAL" Extension="txt">
<Data/>
</EMNOTES>
</EmFileProperties>
</PROPERTIES>
</NODE>
<NODE CLASS="SASHELP.EMSAMP.IDS.CLASS" COMPONENT="DataSource" ID="Ids2" X="1016" Y="424" DESCRIPTION="SCORETOYOTACAR" DIAGRAMID="_ROOT_" PARENTID="" TOOLTYPE="SAMPLE" TOOLPREFIX="Ids">
<PROPERTIES DataSource="scoretoyotacar" Scope="LOCAL" Role="SCORE" Library="RGDATA" Table="SCORETOYOTACAR" NCols="13" NObs="428" NBytes="50176" Segment="" DataSourceRole="RAW" OutputType="VIEW" ForceRun="N" ComputeStatistics="N" DataSelection="DATASOURCE" NewTable="" MetaAdvisor="BASIC" ApplyIntervalLevelLowerLimit="Y" IntervalLowerLimit="20" ApplyMaxPercentMissing="Y" MaxPercentMissing="50" ApplyMaxClassLevels="Y" MaxClassLevels="20" IdentifyEmptyColumns="Y" VariableValidation="STRICT" NewVariableRole="REJECT" DropMapVariables="Y" DsId="scoretoyotacar" DsSampleName="" DsSampleSizeType="" DsSampleSize="" DsCreatedBy="rguna2" DsCreateDate="1966500427" DsModifiedBy="rguna2" DsModifyDate="1966500427.1" DsScope="LOCAL" Sample="D" SampleSizeType="PERCENT" SampleSizePercent="20" SampleSizeObs="10000" DBPassThrough="Y" RunAction="Train" Component="DataSource" Description="">
<VariableProperties/>
<EmVariableAttributes/>
<EmTargetAttributes/>
<EmFileProperties>
<EMNOTES Type="EXTERNAL" Extension="txt">
<Data/>
</EMNOTES>
</EmFileProperties>
</PROPERTIES>
</NODE>
<NODE CLASS="SASHELP.EMASSMT.ASSESS.CLASS" COMPONENT="ModelCompare" ID="MdlComp" X="779" Y="190" DESCRIPTION="ClassDec Tree Model Comparison" DIAGRAMID="_ROOT_" PARENTID="" TOOLTYPE="ASSESS" TOOLPREFIX="MdlComp">
<PROPERTIES NumberOfReportedLevels="1E-6" NormalizeReportingVariables="Y" DecileBin="20" LiftEpsilon="1E-6" ProfitEpsilon="1E-6" RoiEpsilon="1E-6" ScoreDistBin="20" RocChart="Y" RocEpsilon="0.01" AssessAllTargetLevels="N" SelectionData="DEFAULT" HPCriteria="DEFAULT" intervalViyaCriteria="DEFAULT" classViyaCriteria="DEFAULT" SelectionTable="TRAIN" SelectionCriteria="DEFAULT" SelectionDepth="10" NumberofBins="20" RecomputeAssess="N" TargetName="Expensive" ModelId="Tree" ModelDescription="ClassDecTree B2D6" ModelCriteria="Valid: Misclassification Rate" ForceRun="N" RunAction="Train" Component="ModelCompare" StatisticUsed="_VMISC_" TargetLabel="Expensive">
<VariableProperties/>
<EmVariableAttributes/>
<EmTargetAttributes/>
<EmFileProperties>
<EMNOTES Type="EXTERNAL" Extension="txt">
<Data/>
</EMNOTES>
</EmFileProperties>
</PROPERTIES>
</NODE>
<NODE CLASS="SASHELP.EMASSMT.ASSESS.CLASS" COMPONENT="ModelCompare" ID="MdlComp2" X="783" Y="457" DESCRIPTION="LogisticRegModelComparison" DIAGRAMID="_ROOT_" PARENTID="" TOOLTYPE="ASSESS" TOOLPREFIX="MdlComp">
<PROPERTIES NumberOfReportedLevels="1E-6" NormalizeReportingVariables="Y" DecileBin="20" LiftEpsilon="1E-6" ProfitEpsilon="1E-6" RoiEpsilon="1E-6" ScoreDistBin="20" RocChart="Y" RocEpsilon="0.01" AssessAllTargetLevels="N" SelectionData="DEFAULT" HPCriteria="DEFAULT" intervalViyaCriteria="DEFAULT" classViyaCriteria="DEFAULT" SelectionTable="TRAIN" SelectionCriteria="DEFAULT" SelectionDepth="10" NumberofBins="20" RecomputeAssess="N" TargetName="Expensive" ModelId="Reg2" ModelDescription="Forward Regression" ModelCriteria="Valid: Misclassification Rate" ForceRun="N" RunAction="Train" Component="ModelCompare" StatisticUsed="_VMISC_" TargetLabel="Expensive">
<VariableProperties/>
<EmVariableAttributes/>
<EmTargetAttributes/>
<EmFileProperties>
<EMNOTES Type="EXTERNAL" Extension="txt">
<Data/>
</EMNOTES>
</EmFileProperties>
</PROPERTIES>
</NODE>
<NODE CLASS="SASHELP.EMASSMT.ASSESS.CLASS" COMPONENT="ModelCompare" ID="MdlComp3" X="963" Y="328" DESCRIPTION="Class Model Comparison" DIAGRAMID="_ROOT_" PARENTID="" TOOLTYPE="ASSESS" TOOLPREFIX="MdlComp">
<PROPERTIES NumberOfReportedLevels="1E-6" NormalizeReportingVariables="Y" DecileBin="20" LiftEpsilon="1E-6" ProfitEpsilon="1E-6" RoiEpsilon="1E-6" ScoreDistBin="20" RocChart="Y" RocEpsilon="0.01" AssessAllTargetLevels="N" SelectionData="DEFAULT" HPCriteria="DEFAULT" intervalViyaCriteria="DEFAULT" classViyaCriteria="DEFAULT" SelectionTable="TRAIN" SelectionCriteria="DEFAULT" SelectionDepth="10" NumberofBins="20" RecomputeAssess="N" TargetName="Expensive" ModelId="Reg2" ModelDescription="Forward Regression" ModelCriteria="Valid: Misclassification Rate" ForceRun="N" RunAction="Train" Component="ModelCompare" StatisticUsed="_VMISC_" TargetLabel="Expensive">
<VariableProperties/>
<EmVariableAttributes/>
<EmTargetAttributes/>
<EmFileProperties>
<EMNOTES Type="EXTERNAL" Extension="txt">
<Data/>
</EMNOTES>
</EmFileProperties>
</PROPERTIES>
</NODE>
<NODE CLASS="SASHELP.EMMODL.NEURAL.CLASS" COMPONENT="NeuralNetwork" ID="Neural" X="597" Y="727" DESCRIPTION="Neural Network Preltr No" DIAGRAMID="_ROOT_" PARENTID="" TOOLTYPE="MODEL" TOOLPREFIX="Neural">
<PROPERTIES UseEstimates="N" NetworkArchitecture="MLP" DirectConnection="N" Hidden="3" Prelim="N" PreliminaryRuns="5" PrelimMaxiter="10" PrelimMaxTime="1 HOUR" Maxiter="50" Maxtime="4 HOURS" TrainingTechnique="DEFAULT" ConvDefaults="Y" AbsConvValue="-1.34078E154" AbsFValue="0" AbsFTime="1" AbsGValue="1E-5" AbsGTime="1" AbsXValue="1E-8" AbsXTime="1" FConvValue="0" FConvTime="1" GConvValue="1E-6" GConvTime="1" ModelSelectionCriterion="PROFIT/LOSS" SuppressOutput="N" Residuals="Y" Standardizations="N" HiddenUnits="N" TrainCode="" PrelimOutest="" Outest="" Outfit="" InitialDs="" CodefileRes="" CodefileNoRes="" AddHidden="Y" HiddenCombFunction="DEFAULT" HiddenActivation="DEFAULT" HiddenBias="Y" TargetCombFunction="DEFAULT" TargetActivation="DEFAULT" TargetError="DEFAULT" TargetBias="Y" InitialSeed="12345" RandDist="NORMAL" RandScale="0.1" RandLoc="0" InputStandardization="STD" WeightDecay="0" Accelerate="1.2" Decelerate="0.5" Learn="0.1" MaxLearn="50" MinLearn="1E-5" Momentum="0" MaxMomentum="1.75" Tilt="0" ForceRun="N" RunAction="Train" Component="NeuralNetwork">
<VariableProperties/>
<EmVariableAttributes/>
<EmTargetAttributes/>
<EmFileProperties>
<EMNOTES Type="EXTERNAL" Extension="txt">
<Data/>
</EMNOTES>
</EmFileProperties>
</PROPERTIES>
</NODE>
<NODE CLASS="SASHELP.EMMODL.NEURAL.CLASS" COMPONENT="NeuralNetwork" ID="Neural2" X="590" Y="640" DESCRIPTION="Neural Network PrelTr Yes" DIAGRAMID="_ROOT_" PARENTID="" TOOLTYPE="MODEL" TOOLPREFIX="Neural">
<PROPERTIES UseEstimates="N" NetworkArchitecture="MLP" DirectConnection="N" Hidden="3" Prelim="Y" PreliminaryRuns="5" PrelimMaxiter="10" PrelimMaxTime="1 HOUR" Maxiter="50" Maxtime="4 HOURS" TrainingTechnique="DEFAULT" ConvDefaults="Y" AbsConvValue="-1.34078E154" AbsFValue="0" AbsFTime="1" AbsGValue="0.00001" AbsGTime="1" AbsXValue="1E-8" AbsXTime="1" FConvValue="0" FConvTime="1" GConvValue="1E-6" GConvTime="1" ModelSelectionCriterion="PROFIT/LOSS" SuppressOutput="N" Residuals="Y" Standardizations="N" HiddenUnits="N" TrainCode="" PrelimOutest="" Outest="" Outfit="" InitialDs="" CodefileRes="" CodefileNoRes="" AddHidden="Y" HiddenCombFunction="DEFAULT" HiddenActivation="DEFAULT" HiddenBias="Y" TargetCombFunction="DEFAULT" TargetActivation="DEFAULT" TargetError="DEFAULT" TargetBias="Y" InitialSeed="12345" RandDist="NORMAL" RandScale="0.1" RandLoc="0" InputStandardization="STD" WeightDecay="0" Accelerate="1.2" Decelerate="0.5" Learn="0.1" MaxLearn="50" MinLearn="0.00001" Momentum="0" MaxMomentum="1.75" Tilt="0" ForceRun="N" RunAction="Train" Component="NeuralNetwork">
<VariableProperties/>
<EmVariableAttributes/>
<EmTargetAttributes/>
<EmFileProperties>
<EMNOTES Type="EXTERNAL" Extension="txt">
<Data/>
</EMNOTES>
</EmFileProperties>
</PROPERTIES>
</NODE>
<NODE CLASS="SASHELP.EMSAMP.EMDPART.CLASS" COMPONENT="Partition" ID="Part" X="382" Y="100" DESCRIPTION="Data Partition" DIAGRAMID="_ROOT_" PARENTID="" TOOLTYPE="SAMPLE" TOOLPREFIX="Part">
<PROPERTIES Method="DEFAULT" TrainPct="40" ValidatePct="30" TestPct="30" RandomSeed="12345" OutputType="DATA" IntervalDistribution="Y" ClassDistribution="Y" ForceRun="N" RunAction="Train" Component="Partition">
<VariableProperties/>
<EmVariableAttributes/>
<EmTargetAttributes/>
<EmFileProperties>
<EMNOTES Type="EXTERNAL" Extension="txt">
<Data/>
</EMNOTES>
</EmFileProperties>
</PROPERTIES>
</NODE>
<NODE CLASS="SASHELP.EMMODL.REGRESSION.CLASS" COMPONENT="Regression" ID="Reg" X="583" Y="393" DESCRIPTION="Exhaustive Regression" DIAGRAMID="_ROOT_" PARENTID="" TOOLTYPE="MODEL" TOOLPREFIX="Reg">
<PROPERTIES MainEffect="Y" TwoFactor="N" Polynomial="N" PolynomialDegree="2" Terms="N" Error="LOGISTIC" LinkFunction="LOGIT" SuppressIntercept="N" InputCoding="DEVIATION" MinResourceUse="N" ModelSelection="NONE" SelectionCriterion="DEFAULT" SelectionDefault="Y" Sequential="N" SlEntry="0.05" SlStay="0.05" Start="0" Stop="0" Force="0" Hierarchy="CLASS" Rule="NONE" MaxStep="." StepOutput="N" OptimizationTechnique="DEFAULT" ModelDefaults="Y" MaxIterations="." MaxFunctionCalls="." MaxCPUTime="1 HOUR" ConvDefaults="Y" AbsConvValue="-1.34078E154" AbsFValue="0" AbsFTime="1" AbsGValue="0.00001" AbsGTime="1" AbsXValue="1E-8" AbsXTime="1" FConvValue="0" FConvTimes="1" GConvValue="1E-6" GConvTimes="1" ClParm="N" Covout="N" CovB="N" CorB="N" Simple="N" SuppressOutput="N" Details="N" PrintDesignMatrix="N" SASSPDS="N" Performance="N" ExcludedVariable="REJECT" ForceRun="N" RunAction="Train" Component="Regression" Interactions="">
<VariableProperties/>
<EmVariableAttributes/>
<EmTargetAttributes/>
<EmFileProperties>
<EMNOTES Type="EXTERNAL" Extension="txt">
<Data/>
</EMNOTES>
</EmFileProperties>
</PROPERTIES>
</NODE>
<NODE CLASS="SASHELP.EMMODL.REGRESSION.CLASS" COMPONENT="Regression" ID="Reg2" X="589" Y="453" DESCRIPTION="Forward Regression" DIAGRAMID="_ROOT_" PARENTID="" TOOLTYPE="MODEL" TOOLPREFIX="Reg">
<PROPERTIES MainEffect="Y" TwoFactor="N" Polynomial="N" PolynomialDegree="2" Terms="N" Error="LOGISTIC" LinkFunction="LOGIT" SuppressIntercept="N" InputCoding="DEVIATION" MinResourceUse="N" ModelSelection="FORWARD" SelectionCriterion="DEFAULT" SelectionDefault="Y" Sequential="N" SlEntry="0.05" SlStay="0.05" Start="0" Stop="0" Force="0" Hierarchy="CLASS" Rule="NONE" MaxStep="." StepOutput="N" OptimizationTechnique="DEFAULT" ModelDefaults="Y" MaxIterations="." MaxFunctionCalls="." MaxCPUTime="1 HOUR" ConvDefaults="Y" AbsConvValue="-1.34078E154" AbsFValue="0" AbsFTime="1" AbsGValue="0.00001" AbsGTime="1" AbsXValue="1E-8" AbsXTime="1" FConvValue="0" FConvTimes="1" GConvValue="1E-6" GConvTimes="1" ClParm="N" Covout="N" CovB="N" CorB="N" Simple="N" SuppressOutput="N" Details="N" PrintDesignMatrix="N" SASSPDS="N" Performance="N" ExcludedVariable="REJECT" ForceRun="N" RunAction="Train" Component="Regression" Interactions="">
<VariableProperties/>
<EmVariableAttributes/>
<EmTargetAttributes/>
<EmFileProperties>
<EMNOTES Type="EXTERNAL" Extension="txt">
<Data/>
</EMNOTES>
</EmFileProperties>
</PROPERTIES>
</NODE>
<NODE CLASS="SASHELP.EMMODL.REGRESSION.CLASS" COMPONENT="Regression" ID="Reg3" X="593" Y="518" DESCRIPTION="Backward Regression" DIAGRAMID="_ROOT_" PARENTID="" TOOLTYPE="MODEL" TOOLPREFIX="Reg">
<PROPERTIES MainEffect="Y" TwoFactor="N" Polynomial="N" PolynomialDegree="2" Terms="N" Error="LOGISTIC" LinkFunction="LOGIT" SuppressIntercept="N" InputCoding="DEVIATION" MinResourceUse="N" ModelSelection="BACKWARD" SelectionCriterion="DEFAULT" SelectionDefault="Y" Sequential="N" SlEntry="0.05" SlStay="0.05" Start="0" Stop="0" Force="0" Hierarchy="CLASS" Rule="NONE" MaxStep="." StepOutput="N" OptimizationTechnique="DEFAULT" ModelDefaults="Y" MaxIterations="." MaxFunctionCalls="." MaxCPUTime="1 HOUR" ConvDefaults="Y" AbsConvValue="-1.34078E154" AbsFValue="0" AbsFTime="1" AbsGValue="0.00001" AbsGTime="1" AbsXValue="1E-8" AbsXTime="1" FConvValue="0" FConvTimes="1" GConvValue="1E-6" GConvTimes="1" ClParm="N" Covout="N" CovB="N" CorB="N" Simple="N" SuppressOutput="N" Details="N" PrintDesignMatrix="N" SASSPDS="N" Performance="N" ExcludedVariable="REJECT" ForceRun="N" RunAction="Train" Component="Regression" Interactions="">
<VariableProperties/>
<EmVariableAttributes/>
<EmTargetAttributes/>
<EmFileProperties>
<EMNOTES Type="EXTERNAL" Extension="txt">
<Data/>
</EMNOTES>
</EmFileProperties>
</PROPERTIES>
</NODE>
<NODE CLASS="SASHELP.EMMODL.REGRESSION.CLASS" COMPONENT="Regression" ID="Reg4" X="592" Y="577" DESCRIPTION="Stepwise Regression" DIAGRAMID="_ROOT_" PARENTID="" TOOLTYPE="MODEL" TOOLPREFIX="Reg">
<PROPERTIES MainEffect="Y" TwoFactor="N" Polynomial="N" PolynomialDegree="2" Terms="N" Error="LOGISTIC" LinkFunction="LOGIT" SuppressIntercept="N" InputCoding="DEVIATION" MinResourceUse="N" ModelSelection="STEPWISE" SelectionCriterion="DEFAULT" SelectionDefault="Y" Sequential="N" SlEntry="0.05" SlStay="0.05" Start="0" Stop="0" Force="0" Hierarchy="CLASS" Rule="NONE" MaxStep="." StepOutput="N" OptimizationTechnique="DEFAULT" ModelDefaults="Y" MaxIterations="." MaxFunctionCalls="." MaxCPUTime="1 HOUR" ConvDefaults="Y" AbsConvValue="-1.34078E154" AbsFValue="0" AbsFTime="1" AbsGValue="0.00001" AbsGTime="1" AbsXValue="1E-8" AbsXTime="1" FConvValue="0" FConvTimes="1" GConvValue="1E-6" GConvTimes="1" ClParm="N" Covout="N" CovB="N" CorB="N" Simple="N" SuppressOutput="N" Details="N" PrintDesignMatrix="N" SASSPDS="N" Performance="N" ExcludedVariable="REJECT" ForceRun="N" RunAction="Train" Component="Regression" Interactions="">
<VariableProperties/>
<EmVariableAttributes/>
<EmTargetAttributes/>
<EmFileProperties>
<EMNOTES Type="EXTERNAL" Extension="txt">
<Data/>
</EMNOTES>
</EmFileProperties>
</PROPERTIES>
</NODE>
<NODE CLASS="SASHELP.EMUTIL.EMSCORE.CLASS" COMPONENT="Score" ID="Score" X="1192" Y="332" DESCRIPTION="Score" DIAGRAMID="_ROOT_" PARENTID="" TOOLTYPE="ASSESS" TOOLPREFIX="Score">
<PROPERTIES OutputType="VIEW" FixedOutputNames="Y" HideVariables="N" HideInput="Y" HideTarget="Y" HideRejected="Y" HideAssess="Y" HidePredict="Y" HideFreq="Y" HideClassification="Y" HideResidual="Y" HideOther="Y" ScoreValidate="N" ScoreTest="N" CScore="N" JScore="N" PackageName="DEFAULT" UserPackageName="" PreferenceName="" OptimizedCode="Y" GraphReports="Y" ForceRun="N" RunAction="Train" Component="Score">
<VariableProperties/>
<EmVariableAttributes/>
<EmTargetAttributes/>
<EmFileProperties>
<EMNOTES Type="EXTERNAL" Extension="txt">
<Data/>
</EMNOTES>
</EmFileProperties>
</PROPERTIES>
</NODE>
<NODE CLASS="SASHELP.EMCORE.EXTENSION.CLASS" COMPONENT="DecisionTree" ID="Tree" X="564" Y="101" DESCRIPTION="ClassDecTree B2D6" DIAGRAMID="_ROOT_" PARENTID="" TOOLTYPE="MODEL" TOOLPREFIX="Tree">
<PROPERTIES Location="CATALOG" Catalog="SASHELP.EMMODL.TREE.SOURCE" ToolType="MODEL" TrainMode="BATCH" ImportModel="N" Freeze="N" UseMultipleTarget="N" Precision="4" IntervalCriterion="PROBF" NominalCriterion="PROBCHISQ" OrdinalCriterion="ENTROPY" SigLevel="0.2" Splitsize="." LeafSize="5" MinCatSize="5" Maxbranch="2" Maxdepth="6" Nrules="5" Nsurrs="0" MissingValue="USEINSEARCH" UseVarOnce="N" SplitPrecision="4" Subtree="ASSESSMENT" NSubtree="1" AssessMeasure="PROFIT/LOSS" AssessPercentage="0.25" NodeSample="20000" Exhaustive="5000" Kass="Y" KassApply="BEFORE" Depth="Y" Inputs="N" NumInputs="1" VarSelection="Y" Leafid="Y" NodeRole="SEGMENT" Performance="DISK" CV="N" CVNIter="10" CVRepeat="1" CVSeed="12345" ObsImportance="N" NumSingleImp="5" UseDecision="N" UsePriors="N" ClassColorBy="PERCENTCORRECT" IntColorBy="AVG" ShowNodeId="Y" ShowValid="Y" Pred="N" Target="ALL" Count="Y" ProfitLoss="NONE" PercentCorrect="N" AVG="Y" RASE="N" CreateSample="DEFAULT" SampleMethod="RANDOM" SampleSize="10000" SampleSeed="12345" ForceRun="N" RunAction="Train" Component="DecisionTree" Criterion="DEFAULT" Dummy="N" Predict="Y" ImportedTreeData="">
<VariableProperties/>
<EmVariableAttributes/>
<EmTargetAttributes/>
<EmFileProperties>
<USERTRAINCODE Type="EXTERNAL" Extension="sas">
<Data/>
</USERTRAINCODE>
<EMNOTES Type="EXTERNAL" Extension="txt">
<Data/>
</EMNOTES>
</EmFileProperties>
</PROPERTIES>
</NODE>
<NODE CLASS="SASHELP.EMCORE.EXTENSION.CLASS" COMPONENT="DecisionTree" ID="Tree2" X="571" Y="177" DESCRIPTION="ClassDecTree B2D4" DIAGRAMID="_ROOT_" PARENTID="" TOOLTYPE="MODEL" TOOLPREFIX="Tree">
<PROPERTIES Location="CATALOG" Catalog="SASHELP.EMMODL.TREE.SOURCE" ToolType="MODEL" TrainMode="BATCH" ImportModel="N" Freeze="N" UseMultipleTarget="N" Precision="4" IntervalCriterion="PROBF" NominalCriterion="PROBCHISQ" OrdinalCriterion="ENTROPY" SigLevel="0.2" Splitsize="." LeafSize="5" MinCatSize="5" Maxbranch="2" Maxdepth="4" Nrules="5" Nsurrs="0" MissingValue="USEINSEARCH" UseVarOnce="N" SplitPrecision="4" Subtree="ASSESSMENT" NSubtree="1" AssessMeasure="PROFIT/LOSS" AssessPercentage="0.25" NodeSample="20000" Exhaustive="5000" Kass="Y" KassApply="BEFORE" Depth="Y" Inputs="N" NumInputs="1" VarSelection="Y" Leafid="Y" NodeRole="SEGMENT" Performance="DISK" CV="N" CVNIter="10" CVRepeat="1" CVSeed="12345" ObsImportance="N" NumSingleImp="5" UseDecision="N" UsePriors="N" ClassColorBy="PERCENTCORRECT" IntColorBy="AVG" ShowNodeId="Y" ShowValid="Y" Pred="N" Target="ALL" Count="Y" ProfitLoss="NONE" PercentCorrect="N" AVG="Y" RASE="N" CreateSample="DEFAULT" SampleMethod="RANDOM" SampleSize="10000" SampleSeed="12345" ForceRun="N" RunAction="Train" Component="DecisionTree" Criterion="DEFAULT" Dummy="N" Predict="Y" ImportedTreeData="">
<VariableProperties/>
<EmVariableAttributes/>
<EmTargetAttributes/>
<EmFileProperties>
<USERTRAINCODE Type="EXTERNAL" Extension="sas">
<Data/>
</USERTRAINCODE>
<EMNOTES Type="EXTERNAL" Extension="txt">
<Data/>
</EMNOTES>
</EmFileProperties>
</PROPERTIES>
</NODE>
<NODE CLASS="SASHELP.EMCORE.EXTENSION.CLASS" COMPONENT="DecisionTree" ID="Tree3" X="576" Y="251" DESCRIPTION="ClassDec Tree B2D2" DIAGRAMID="_ROOT_" PARENTID="" TOOLTYPE="MODEL" TOOLPREFIX="Tree">
<PROPERTIES Location="CATALOG" Catalog="SASHELP.EMMODL.TREE.SOURCE" ToolType="MODEL" TrainMode="BATCH" ImportModel="N" Freeze="N" UseMultipleTarget="N" Precision="4" IntervalCriterion="PROBF" NominalCriterion="PROBCHISQ" OrdinalCriterion="ENTROPY" SigLevel="0.2" Splitsize="." LeafSize="5" MinCatSize="5" Maxbranch="2" Maxdepth="2" Nrules="5" Nsurrs="0" MissingValue="USEINSEARCH" UseVarOnce="N" SplitPrecision="4" Subtree="ASSESSMENT" NSubtree="1" AssessMeasure="PROFIT/LOSS" AssessPercentage="0.25" NodeSample="20000" Exhaustive="5000" Kass="Y" KassApply="BEFORE" Depth="Y" Inputs="N" NumInputs="1" VarSelection="Y" Leafid="Y" NodeRole="SEGMENT" Performance="DISK" CV="N" CVNIter="10" CVRepeat="1" CVSeed="12345" ObsImportance="N" NumSingleImp="5" UseDecision="N" UsePriors="N" ClassColorBy="PERCENTCORRECT" IntColorBy="AVG" ShowNodeId="Y" ShowValid="Y" Pred="N" Target="ALL" Count="Y" ProfitLoss="NONE" PercentCorrect="N" AVG="Y" RASE="N" CreateSample="DEFAULT" SampleMethod="RANDOM" SampleSize="10000" SampleSeed="12345" ForceRun="N" RunAction="Train" Component="DecisionTree" Criterion="DEFAULT" Dummy="N" Predict="Y" ImportedTreeData="">
<VariableProperties/>
<EmVariableAttributes/>
<EmTargetAttributes/>
<EmFileProperties>
<USERTRAINCODE Type="EXTERNAL" Extension="sas">
<Data/>
</USERTRAINCODE>
<EMNOTES Type="EXTERNAL" Extension="txt">
<Data/>
</EMNOTES>
</EmFileProperties>
</PROPERTIES>
</NODE>
<NODE CLASS="SASHELP.EMCORE.EXTENSION.CLASS" COMPONENT="DecisionTree" ID="Tree4" X="581" Y="312" DESCRIPTION="ClassDecTree B3D6" DIAGRAMID="_ROOT_" PARENTID="" TOOLTYPE="MODEL" TOOLPREFIX="Tree">
<PROPERTIES Location="CATALOG" Catalog="SASHELP.EMMODL.TREE.SOURCE" ToolType="MODEL" TrainMode="BATCH" ImportModel="N" Freeze="N" UseMultipleTarget="N" Precision="4" IntervalCriterion="PROBF" NominalCriterion="PROBCHISQ" OrdinalCriterion="ENTROPY" SigLevel="0.2" Splitsize="." LeafSize="5" MinCatSize="5" Maxbranch="3" Maxdepth="6" Nrules="5" Nsurrs="0" MissingValue="USEINSEARCH" UseVarOnce="N" SplitPrecision="4" Subtree="ASSESSMENT" NSubtree="1" AssessMeasure="PROFIT/LOSS" AssessPercentage="0.25" NodeSample="20000" Exhaustive="5000" Kass="Y" KassApply="BEFORE" Depth="Y" Inputs="N" NumInputs="1" VarSelection="Y" Leafid="Y" NodeRole="SEGMENT" Performance="DISK" CV="N" CVNIter="10" CVRepeat="1" CVSeed="12345" ObsImportance="N" NumSingleImp="5" UseDecision="N" UsePriors="N" ClassColorBy="PERCENTCORRECT" IntColorBy="AVG" ShowNodeId="Y" ShowValid="Y" Pred="N" Target="ALL" Count="Y" ProfitLoss="NONE" PercentCorrect="N" AVG="Y" RASE="N" CreateSample="DEFAULT" SampleMethod="RANDOM" SampleSize="10000" SampleSeed="12345" ForceRun="N" RunAction="Train" Component="DecisionTree" Criterion="DEFAULT" Dummy="N" Predict="Y" ImportedTreeData="">
<VariableProperties/>
<EmVariableAttributes/>
<EmTargetAttributes/>
<EmFileProperties>
<USERTRAINCODE Type="EXTERNAL" Extension="sas">
<Data/>
</USERTRAINCODE>
<EMNOTES Type="EXTERNAL" Extension="txt">
<Data/>
</EMNOTES>
</EmFileProperties>
</PROPERTIES>
</NODE>
</NODES>
<CONNECTIONS>
<CONNECTION FROM="Ids" TO="Part"/>
<CONNECTION FROM="Part" TO="Tree"/>
<CONNECTION FROM="Part" TO="Tree2"/>
<CONNECTION FROM="Part" TO="Tree3"/>
<CONNECTION FROM="Part" TO="Tree4"/>
<CONNECTION FROM="Tree" TO="MdlComp"/>
<CONNECTION FROM="Tree2" TO="MdlComp"/>
<CONNECTION FROM="Tree3" TO="MdlComp"/>
<CONNECTION FROM="Tree4" TO="MdlComp"/>
<CONNECTION FROM="Reg" TO="MdlComp2"/>
<CONNECTION FROM="Reg2" TO="MdlComp2"/>
<CONNECTION FROM="Reg3" TO="MdlComp2"/>
<CONNECTION FROM="Reg4" TO="MdlComp2"/>
<CONNECTION FROM="Part" TO="Reg"/>
<CONNECTION FROM="Part" TO="Reg2"/>
<CONNECTION FROM="Part" TO="Reg3"/>
<CONNECTION FROM="Part" TO="Reg4"/>
<CONNECTION FROM="MdlComp" TO="MdlComp3"/>
<CONNECTION FROM="MdlComp2" TO="MdlComp3"/>
<CONNECTION FROM="Ids2" TO="Score"/>
<CONNECTION FROM="MdlComp3" TO="Score"/>
<CONNECTION FROM="Score" TO="EMSave"/>
<CONNECTION FROM="Part" TO="CNTRL"/>
<CONNECTION FROM="CNTRL" TO="Neural2"/>
<CONNECTION FROM="CNTRL" TO="Neural"/>
</CONNECTIONS>
<NOTES>
<DATA><![CDATA[

]]>
</DATA>
</NOTES>
</Workspace>
</_ROOT_>
